[
  // Stylesheets
  {
    "outputFileName": "wwwroot/css/site.min.css",
    "inputFiles": [
      "wwwroot/css/site.css"
    ]
  },
  // Scripts
  //{
  //  "outputFileName": "wwwroot/lib/ckeditor/ckeditor.min.js",
  //  "inputFiles": [
  //    "wwwroot/lib/ckeditor/ckeditor.js"
  //  ],
  //  "minify": {
  //    "enabled": true
  //  }
  //},
  {
    "outputFileName": "wwwroot/js/site.min.js",
    "inputFiles": [
      "wwwroot/js/site.js",
      "wwwroot/js/multiselect.js",
      "wwwroot/js/stats.js"
    ],
    "minify": {
      "enabled": true,
      "renameLocals": true
    },
    "sourceMap": false
  },
  {
    "outputFileName": "wwwroot/js/stats.min.js",
    "inputFiles": [
      "wwwroot/js/stats.js"
    ],
    "minify": {
      "enabled": true,
      "renameLocals": true
    },
    "sourceMap": false
  }
]